product_id,product_name,revenue,cost,profit_margin,profit_margin_pct
101,Produit A,1000.0,800,0.2,20.0
102,Produit B,2000.0,1500,0.25,25.0
103,Produit C,1500.0,1200,0.2,20.0
104,Produit D,3000.0,2500,0.16666666666666666,16.67
105,Produit E,1800.0,1400,0.2222222222222222,22.22
107,Produit G,2200.0,1700,0.22727272727272727,22.73
108,Produit H,2400.0,1900,0.20833333333333334,20.83
109,Produit I,2800.0,2000,0.2857142857142857,28.57
110,Produit J,3100.0,2700,0.12903225806451613,12.9
